{"C:\\Users\\kord\\Code\\gnosis\\gnosis-crawl\\deploy.ps1": {"last_line_count": 189, "changes": [[1755799527.280217, 0], [1755799533.374186, 0]]}, "C:\\Users\\kord\\Code\\gnosis\\gnosis-crawl\\docker-compose.yml": {"last_line_count": 40, "changes": [[1755811467.5363626, 0]]}, "C:\\Users\\kord\\Code\\gnosis\\gnosis-crawl\\app\\config.py": {"last_line_count": 67, "changes": [[1755817962.8671944, 0]]}, "C:\\Users\\kord\\Code\\gnosis\\gnosis-crawl\\app\\auth.py": {"last_line_count": 227, "changes": [[1755828603.5358634, 17], [1755828807.6795666, 0]]}, "C:\\Users\\kord\\Code\\gnosis\\gnosis-crawl\\app\\main.py": {"last_line_count": 206, "changes": [[1755895003.8051782, 1], [1755895043.686542, -1]]}, "C:\\Users\\kord\\Code\\gnosis\\gnosis-crawl\\app\\tools\\crawl_tools.py": {"last_line_count": 182, "changes": [[1755822492.8176126, 0]]}, "C:\\Users\\kord\\Code\\gnosis\\gnosis-crawl\\app\\routes.py": {"last_line_count": 262, "changes": [[1755822523.3115478, 0], [1755822538.6708226, 30], [1755822553.030539, 17], [1755822566.3448946, 15]]}, "C:\\Users\\kord\\Code\\gnosis\\gnosis-crawl\\Dockerfile": {"last_line_count": 46, "changes": [[1755828326.1424818, 0], [1755828495.6229284, 0], [1755828503.8186042, -19], [1755828507.958632, -1]]}, "C:\\Users\\kord\\Code\\gnosis\\gnosis-crawl\\requirements.txt": {"last_line_count": 28, "changes": [[1755827083.1826298, 0]]}, "C:\\Users\\kord\\Code\\gnosis\\gnosis-crawl\\app\\core\\middleware.py": {"last_line_count": 137, "changes": [[1755895316.594879, 10], [1755895323.02015, 1], [1755895532.799552, 3]]}, "C:\\Users\\kord\\Code\\gnosis\\gnosis-crawl\\app\\models.py": {"last_line_count": 97, "changes": [[1755828245.9938176, 0]]}, "C:\\Users\\kord\\Code\\gnosis\\gnosis-crawl\\app\\storage.py": {"last_line_count": 271, "changes": [[1755892522.8649974, 0]]}, "C:\\Users\\kord\\Code\\gnosis\\gnosis-crawl\\app\\job_routes.py": {"last_line_count": 464, "changes": [[1755894031.3500795, 0], [1755894038.6564043, 0], [1755894043.7953897, 0], [1755894049.9812486, 0], [1755894055.1461754, 0], [1755894062.3149378, 0]]}, "C:\\Users\\kord\\Code\\gnosis\\gnosis-crawl\\test_batch_crawl.py": {"last_line_count": 210, "changes": [[1755894472.2036462, 0], [1755894481.5534096, 4], [1755894495.9952254, 23], [1755894507.3955717, 0], [1755894515.7531815, 0], [1755894524.1064246, 0], [1755894530.4099302, 0], [1755894539.7852383, 0], [1755894550.220452, -4], [1755894665.4433956, -2], [1755894672.8262131, -1], [1755894680.213955, -23], [1755894686.673401, 0], [1755894692.9849815, 0], [1755894699.3208516, 0], [1755894706.6550834, 0], [1755894714.0234032, 0], [1755894724.4312258, -7]]}, "C:\\Users\\kord\\Code\\gnosis\\gnosis-crawl\\tests\\test_batch_crawl.py": {"last_line_count": 239, "changes": [[1755895157.157279, -78], [1755895165.5444152, 23], [1755895171.8834128, 0], [1755895178.2728493, 0], [1755895184.6061358, 0], [1755895189.9111814, 0], [1755895196.2642324, 0]]}, "C:\\Users\\kord\\Code\\gnosis\\gnosis-crawl\\tests\\test_simple.py": {"last_line_count": 89, "changes": [[1755895141.6233683, 0]]}}